Slug,Title,Composer,Voicing,Source,First Line of Translation,Lyricist,Language,Century,Tags,Notes
a_chanter_mer_de_so_queu__no_volria,A chantar m'er de so qu' eu no volria,La Comtessa de Dia,"S, A, T, B",Bibliothﾃｨque nationale fonds fr. 844: Manuscrit du Roi (1253 or later; likely 1260s-70s),Now I will sing a song I hate to sing,,Occitan,12th-13th century,troubadour/trouvﾃｨre song,
a_lentrada_del_tens_clar,A lentrade del tens clar,Anonymous,"S, A, T, B",Chansonnier de St Germainﾂｭ des ﾂｭPrﾃｩs (early 13th century),When the summer weather comes,,Occitan,13th century,troubadour/trouvﾃｨre song,
a_madre_do_que_a_bestia,A Madre do que a bestia,"Alfonso X el Sabio, King of Castile and Leﾃｳn","S, A, T, B",Cantigas de Santa Maria (1270-1290),The Mother of Him who once made the donkey of Balaam speak,,Galician-Portuguese,13th century,cantiga,
a_virgen_mui_groriosa,A Virgen mui grorﾃｯosa,"Alfonso X el Sabio, King of Castile and Leﾃｳn","S, A, T, B",Cantigas de Santa Maria (1270-1290),"Holy Virgin, She most splendid",,Galician-Portuguese,13th century,cantiga,
ad_cantus_laeticiae,Ad cantus laeticiae,,,,,,,,,
ah_man_ah_say,"Ah man, ah say",Anonymous,"ST, SB",Selden MS. B.26 f.7v (15th century),"Ah man, ah sigh, ah sigh, ah sigh",,English,15th century,holiday,
alle_psallite,Alle psallite,Anonymous,SAT,Montpellier Codex (late 13th century),Alle now we sing with luya,,Latin,13th century,motet,
alte_clamat_epicurus,Alte clamat Epicurus,Anonymous,"S, A, T, B",Carmina Burana (11th-13th centuries),From on high states Epicurus,,Latin,11th-13th century,goliard song,
altri_che_voi,Altri che voi,Jacques Arcadelt,"ATTTB, ATTBB, ATBBB",? (1538),Nobody else but you can understand me,Francesco Petrarca (Petrarch),Italian,16th century,,
amours_u_trop_tart_me_sui_pris,"Amours, u trop tart me sui pris","Blanche de Castile, Queen of France","S, A, T, B",,Since Love has filled my every thought,,French,13th century,troubadour/trouvﾃｨre song,
ana_toto,Ana tﾅ・to [・ｮ・・・・・ｰ・],Anonymous,Heterophonic,"Sango-yﾅ・roku (ed. Fujiwara no Moronaga, c. 1171-1192); Jinchi-yﾅ・roku (ed. Fujiwara no Moronaga, c. 1171-1192)","Peaceful, noble, famed",,Japanese,12th century,saibara,edited by Fujiwara no Moronaga
andreas_christi_famulus,Andreas Christi famulus,Cristﾃｳbal de Morales,"SSAAT, SSAAB, SSATT, SSATB",? (1542),"Saint Andrew, servant of the Christ",,Latin,16th century,holiday,
angelica_bilta,Angelica biltﾃ,Francesco Landini,"ST, SB",,Angelic beauty's come to make earth more fair,,Italian,14th century,,
angelus_emittitur,Angelus emittitur,Anonymous,"S, A, T, B",Piae Cantiones Ecclesiasticﾃｦ et Scholasticae et Scholasticae Vetervm Episcoporum (1582),From the angel greetings flow,,Latin,13th century,holiday,
antes_que_comais_a_dios,Antes que comﾃ｡is a Dios,Francisco Guerrero,"SATB, SABB, STTB, STBB, AATB, AABB, ATTB, ATBB",Canciones y villanescas espirituales (1589),Ere you eat the Body Scarred,,Spanish,16th century,,
ara_pot_hom_conoisser_e_proar,Ara pot hom conoisser e proar,Raimbaut de Vaqeiras,"S, A, T, B",Bibliothﾃｨque nationale fonds fr. 22543 (c. 1300),Mighty the bounty that for a great feat,,Occitan,12th century,troubadour/trouvﾃｨre song,
aram_requier_sa_costume_son_us,Ara.m requier sa costum'e son us,Raimbaut de Vaqeiras,"S, A, T, B",Bibliothﾃｨque nationale fonds fr. 22543 (c. 1300),Now love exacts its dues in solid gold,,Occitan,12th century,troubadour/trouvﾃｨre song,
asamuzu,Asamuzu [・ｵ・・ｰｴ],Anonymous,Heterophonic,"Sango-yﾅ・roku (ed. Fujiwara no Moronaga, c. 1171-1192); Jinchi-yﾅ・roku (ed. Fujiwara no Moronaga, c. 1171-1192)","Under the bridge, the shallow stream",,Japanese,12th century,saibara,edited by Fujiwara no Moronaga
asia_felice,Asia felice,Andrea Gabrieli,"SATB, AATB",Madrigali et Ricercari (1589),"I, Asia, justly call myself contented",,Italian,16th century,madrigal,
asuka_i,Asuka-i [・｣・・ｳ･・ｺ・],Anonymous,Heterophonic,"Sango-yﾅ・roku (ed. Fujiwara no Moronaga, c. 1171-1192); Jinchi-yﾅ・roku (ed. Fujiwara no Moronaga, c. 1171-1192)",Here beside the well,,Japanese,12th century,saibara,edited by Fujiwara no Moronaga
atarashiki_toshi,Atarashiki toshi [・・ｰ・・・・・・・ｹｴ],Anonymous,Heterophonic,"Sango-yﾅ・roku (ed. Fujiwara no Moronaga, c. 1171-1192); Jinchi-yﾅ・roku (ed. Fujiwara no Moronaga, c. 1171-1192)",At the New Year's dawn,,Japanese,12th century,saibara,edited by Fujiwara no Moronaga
au_joly_jeu,,,,,,,,,,
aucuns_vont_souvent_amor_qui_cor_kyrie_eleison,Aucuns vont souvent - Amor qui cor - Kyrie eleison,Petrus de Cruce,"SSS, SSA, TTT, TTB",Montpellier Codex (late 13th century),Some say publicly bad things about love from envy - To injure lovers fated - Kyrie eleison,,"French, Greek",13th century,motet,
audite_nova,Audite nova!,Orlando di Lasso,"SSST, SSSB, SSAT, SSAB, SAAT, SAAB,",Viersprachendruck (1583),Hear ye the good news!,,"German, Latin",16th century,,
ave_maris_stella,,,,,,,,,,
ave_regina_omnium,,,,,,,,,,
avecques_vous,Avecques vous,Orlando di Lasso,"SAAB, SATB, STTB, AAAB, AATB, ATTB","Il primo libro dove si contengono madrigali, vilanesche, canzoni francesi, e motetti (1555)",You are my last; others are not worth you,,French,16th century,,
azumaya,Azumaya [・・ｱ・ｱ・],Anonymous,Heterophonic,"Sango-yﾅ・roku (ed. Fujiwara no Moronaga, c. 1171-1192); Jinchi-yﾅ・roku (ed. Fujiwara no Moronaga, c. 1171-1192)",At the eastern house,,Japanese,12th century,saibara,edited by Fujiwara no Moronaga
bache_bene_venies,"Bache, bene venies",Anonymous,"S, A, T, B",Carmina Burana (11th-13th centuries),"Bacchus, you will come to us",,Latin,11th-13th century,goliard song,
belle_bonne_sage,"Belle, bonne, sage",Baude Cordier,"S, T, SAA, SAT, STT, TTB, TBB",Chantilly Codex (14th century),"So lovely, good, and wise",,French,15th century,,
bem_meraveill_co_non_es_envejos,Be.m meraveill co non es envejos,Guiraut Riquier,"S, A, T, B",Chansonnier La Valliﾃｨre: Bibliothﾃｨque nationale fonds fr. 22543 (13th/14th century - c. 1300),I greatly marvel that not every man,,Occitan,13th century,troubadour/trouvﾃｨre song,
bien_me_deusse_targier,Bien me deﾃｼsse targier,Conon de Bﾃｩthune,"S, A, T, B",Chansonnier du Roi (13th century),Duty says I should not write,,Occitan,12th-13th century,troubadour/trouvﾃｨre song,
blyssid_be_that_mayde_mary,Blyssid be that mayde Mary,Anonymous,"S, A, T, B",William Ballet's Lute Book (c. 1580); Sloane MS. 2593 (15th century),Blessed be that maid Mary,,English,15th century,"English carol, holiday",
bon_jour_bon_mois_bon_an,"Bon jour, bon mois, bon an",Guillaume Du Fay,STT,,"Good day, good month, good year, good gifts and blessings",,French,15th century,holiday,
bryng_us_in_no_browne_bred,Bryng us in no browne bred,Anonymous,"S, A, T, B",Bodleian Library MS. Eng. Poet. e. 1. (c. 1471-1485),"Bring us in good ale, good ale",Thomas Ashwell,English,15th century,"English carol, holiday",
byrd_one_brere,Byrd one brere,Anonymous,"S, A, T, B",,Bird on a briar,,English,13th century,,
calenda_maja,Calenda maja,Raimbaut de Vaqeiras,"S, A, T, B",Bibliothﾃｨque nationale fonds fr. 22543 (c. 1300),No May Day bowers,Raimbaut de Vaqueiras,Occitan,12th century,troubadour/trouvﾃｨre song,jongleur melody arranged by Raimbaut
caritas_habundat,Caritas habundat,Hildegard von Bingen,"S, A, T, B",,Charity abounds here toward all of us,,Latin,12th century,,
ce_moys_de_may,,,,,,,,,,
cest_la_fins,C'est la fins,Guillaume d・・Amiens,"S, A, T, B",,It is done,,French,13th century,troubadour/trouvﾃｨre song,
chanconnete_ainc_noir_a_le_cheminee_par_verite,Chanconnete - Ainc noir - A le cheminee - Par veritﾃｩ,Anonymous,"SSSS, SSSA, TTTT, TTTB",Montpellier Codex (late 13th century),"Little song, go swift to meet - I've had of Love's thrill - Deep in January - When put to test",,"French, Latin",13th century,motet,
chanterai_por_mon_corage,Chanterai por mon corage,Guiot de Dijon,"S, A, T, B",,I will sing my heart a song,,French,13th century,troubadour/trouvﾃｨre song,
chi_passa,,,,,,,,,,
chikaranai_kaeru,Chikaranai kaeru [・・・・・ｪ・・・・・ｦ],Anonymous,Heterophonic,"Sango-yﾅ・roku (ed. Fujiwara no Moronaga, c. 1171-1192); Jinchi-yﾅ・roku (ed. Fujiwara no Moronaga, c. 1171-1192)",Feeble and helpless is the shrimp,,Japanese,12th century,saibara,edited by Fujiwara no Moronaga
christes_crosse,Christes crosse,Thomas Morley,"SAT, SAB",Plaine and Easie Introduction to Practicall Musicke (1597),Crisscross bless me indeed,,English,16th century,,
coma_grande_enfermidade,Com'a grande enfermidade,"Alfonso X el Sabio, King of Castile and Leﾃｳn","S, A, T, B",Cantigas de Santa Maria (1270-1290),Just as long as it can take to heal a sickness lasting days,,Galician-Portuguese,13th century,cantiga,
como_a_demais_da_gente,Como a demais da gente,"Alfonso X el Sabio, King of Castile and Leﾃｳn","S, A, T, B",Cantigas de Santa Maria (1270-1290),Much as others try to win things through deceit and shameless lying,,Galician-Portuguese,13th century,cantiga,
como_poden_per_sas_culpas,Como pﾃｳden per sas culpas,"Alfonso X el Sabio, King of Castile and Leﾃｳn","S, A, T, B",Cantigas de Santa Maria (1270-1290),Just as by our own offenses we are broken and unfeeling,,Galician-Portuguese,13th century,cantiga,
como_somos_per_conssello_do_demo_perdudos,Como somos per conssello do dﾃｩmo perdudos,"Alfonso X el Sabio, King of Castile and Leﾃｳn","S, A, T, B",Cantigas de Santa Maria (1270-1290),Just like we are by the Devil lost beyond retrieval,,Galician-Portuguese,13th century,cantiga,
congaudeat_turba_fidelium,,,,,,,,,,
corpus_christi_carol,,,,,,,,,,
damon_e_filli,Damon e Filli,Orazio Vecchi,"SSAA, TTBB",Selva di Varia Ricreatione (1590),Damon and Phyllis fighting,,Italian,16th century,,
de_los_alamos,De los ﾃ｡lamos,Juan Vasquez,"SSST, SSSB, SSAT, SSAB, SSTT, SSTB, SAAT, SAAB, SATT, SATB",,"I am come from the poplars, Mother",,Spanish,16th century,,
de_moi_dolereus,De moﾃｭ dolereus,Gillebert De Berneville,"S, A, T, B",,Songs of sorrow I will raise,,French,13th century,,
de_plus_en_plus,De plus en plus,Gilles de Bins dit Binchois,ATT,,For more and more is the renewal,,French,15th century,,
deduc_syon,Deduc Syon,Anonymous,"S, A, T, B",Carmina Burana (11th-13th centuries),"Let fall, Zion, your tears of woe",Philip the Chancellor,Latin,12th-13th century,goliard song,
deo_gracias_anglia_agincourt_carol,Deo gracias Anglia (Agincourt Carol),Anonymous,ATB,Trinity Carol Roll (15th century),Our king went forth to Normandy,,"English, Latin",15th century,English carol,
des_oge_mais_quer_eu_trobar,Des oge mais quer eu trobar,"Alfonso X el Sabio, King of Castile and Leﾃｳn","S, A, T, B",Cantigas de Santa Maria (1270-1290),Forever I will be a knight,,Galician-Portuguese,13th century,cantiga,
dic_christi_veritas,Dic Christi veritas,Anonymous,"SS, SA, AA, BB",Carmina Burana (11th-13th centuries),"Say, holy verity",Philip the Chancellor,Latin,11th-13th century,goliard song,
dieux_soit_en_cheste_maison,Dieux soit en cheste maison,Adam de la Halle,"SSS, TTT",,"This house, may God in it dwell",,French,13th century,"ballade, holiday",
dindirindin,Dindirindin,Anonymous,"SAAB, SATB",Cancionero de Palacio (late 15th century),I arose one lovely day,,"Catalan, Spanish",16th century,,
douce_dame_jolie,Douce dame jolie,Guillaume de Machaut,"S, A, T, B",,O sweet and lovely lady,,French,14th century,,
dulce_solum_natalis_patrie,Dulce solum natalis patrie,Anonymous,"S, A, T, B",Carmina Burana (11th-13th centuries),Sweetest homeland where once I used to play,,Latin,11th-13th century,goliard song,
dulces_exuviae,Dulces exuviae,Orlando di Lasso,"SSTTTB, SSTTBB, SSTBBB, SATTTB, SATTBB, SATBBB, AATTTB, AATTBB, AATBBB","Mellange d'Orlande de Lassus, contenant plusieurs chansons, tant en vers latins qu'en ryme francoyse, 4, 5, 6, 8, 10vv, Paris (1570)","Objects so close and dear to me, while my Fate will allow it",Virgil,Latin,16th century,,
ecco_la_primavera,Ecco la primavera,Francesco Landini,AT,,"Spring is here, with its graces",,Italian,14th century,,
edi_beo_thu_hevene_quene,"Edi beo thu, Hevene Quene",Anonymous,"SS, SA",,"Blessed be you, Heavenly Queen",,English,13th century,holiday,
eissamen_ai_gerreiat_ab_amor,Eissament ai guerrejat ab amor,Raimbaut de Vaqeiras,"S, A, T, B",Bibliothﾃｨque nationale fonds fr. 22543 (c. 1300),I've waged war on love in the very way,,Occitan,12th century,troubadour/trouvﾃｨre song,
el_grillo,El Grillo,Josquin des Prez,"SATB, SABB, STTB, STBB, AATB, AABB, ATTB, ATBB, TTTB, TTBB",1505,The cricket sings out surely,,Italian,16th century,frottola,
en_moyant_chanter,En m'oyant chanter,Orlando di Lasso,SATB,"Le premier livre de chansons, auquel sont 27 chansons nouvelles (1564)",Frequently when you hear me sing,Clﾃｩment Marot,French,16th century,,
en_natus_est_emanuel,En natus est Emanuel,Michael Praetorius,SATB,Musae Sioniae (1609),Look! Born is our Emmanuel,,Latin,17th century,holiday,
enemiga_le_soy_madre,"Enemiga le soy, madre",Anonymous,"SAB, STB, AAB, ATB",Cancionero de Palacio (late 15th century),"I'm an enemy, O Mother",Juan del Encina,Spanish,15th century,,
eno_pouco_e_eno_muito,Eno pouco e eno muito,"Alfonso X el Sabio, King of Castile and Leﾃｳn","S, A, T, B",Cantigas de Santa Maria (1270-1290),"Holy Mary, Virgin Mother of the Lord Who watches all",,Galician-Portuguese,13th century,cantiga,
es_ist_ein_schnee,Es ist ein Schnee gefallen,Caspar Othmayr,"SAAB, SATB, AAAB, AATB, STTB, ATTB",,How cold and deep the snow falls,,German,16th century,chorale,
esta_montana_de_enfrente,Esta montaﾃｱa de enfrente,Anonymous,"S, A, T, B",,This mountain here before me,,Spanish,Traditional,,
exiit_diluculo_rustica_puella,Exiit diluculo rustica puella,Anonymous,"SS, SA, TT, TB",Carmina Burana (11th-13th centuries),"Morning dawns, and with a laugh",,Latin,11th-13th century,goliard song,
eya_martyr_stephane,Eya martyr Stephane,Anonymous,"ST, SB, AT, AB",Trinity Carol Roll (15th century),"Eya, martyr Stephane",,"English, Latin",15th century,"English carol, holiday",
fa_una_canzona,Fa una canzona,Orazio Vecchi,"SAAB, SATB, AAAB, AATB",,Make me a song without a single black note,,Italian,16th century,,
fas_et_nefas_ambulant,Fas et nefas ambulant,Anonymous,"AAA, AAT, ATT",Carmina Burana (11th-13th centuries),Right and wrong go hand in hand,,Latin,11th-13th century,goliard song,
fenice_fu_e_vissi,Fenice fu・・ e vissi,Jacopo da Bologna,"AT, AB",,"A phoenix I was, and I lived finely and purely",,Italian,14th century,,
fi_maris,"Fi, maris, de vostre amour",Adam de la Halle,"SSA, SST, SAA, SAT, AAA, AAT",Chansonnier la Valliﾃｨre (14th century),"Fie, my husband, leave my sight",,French,13th century,rondeau,
fortuna_desperata,Fortuna desperata,Antoine Busnois,"STT, STB, ATT, ATB",,What fortune,,Italian,15th century,,
fortz_cauza_es_que_tot_lo_major_dan,Fortz cauza es que tot lo major dan,Gaucelm Faidit,"S, A, T, B",Bibliothﾃｨque Nationale fonds fr. 20050 (c. 1240-1250),A cruel event and the greatest blow,,Occitan,12th-13th century,troubadour/trouvﾃｨre song,
fujifuno,Fujifuno [・・､・・・・・・],Anonymous,Heterophonic,"Sango-yﾅ・roku (ed. Fujiwara no Moronaga, c. 1171-1192); Jinchi-yﾅ・roku (ed. Fujiwara no Moronaga, c. 1171-1192)",Form of the wild wisteria,,Japanese,12th century,saibara,edited by Fujiwara no Moronaga
gabriel_fram_heven_king,Gabriel fram Heven-King,Anonymous,"S, A, T, B",,Gabriel from Heaven's King,,English,13th century,holiday,
gaudete_gaudete_christus_est_natus,Gaudete! Gaudete! Christus est natus,Anonymous,"SATB, SABB, AATB, AABB",Piae Cantiones Ecclesiasticﾃｦ et Scholasticae et Scholasticae Vetervm Episcoporum (1582),Be joyful! Sing with joy,,Latin,16th century,holiday,
good_day_sire_christemas_our_kinge,,,,,,,,,,
gran_piadad_e_mercee_e_nobreza,Gran pﾃｯadad' e mercee e nobreza,"Alfonso X el Sabio, King of Castile and Leﾃｳn","S, A, T, B",Cantigas de Santa Maria (1270-1290),"Great compassion, nobility, and mildness",,Galician-Portuguese,13th century,cantiga,
guerras_ni_plag_no_son_bo,Guerras ni plag no son bo,Raimbaut de Vaqeiras,"S, A, T, B",Bibliothﾃｨque nationale fonds fr. 22543 (c. 1300),Not war nor peacetime will go,,Occitan,12th century,troubadour/trouvﾃｨre song,
helas_madame,Hﾃｩlas madame,"Henry VIII, King of England","SATB, STTB, AATB, ATTB",,"Alas, my lady, you whom I adore",,French,15th-16th century,,attributed
hor_qui_son_lasso,Hor qui son lasso,Orlando di Lasso,"SATTB, STTTB, AATTB, ATTTB",Primo libro di madrigali a 5 voci (1555),"Here I am, weary; I wish that I were leaving",Francesco Petrarca (Petrarch),Italian,16th century,,
i_am_here_syre_crystes_mass,"I am here, Syre Crystes Mass",Richard Smert,"S, A, T, B","Ritson Manuscript (British Library, MS. Addit. 5665) (late 15th/early 16th century)","I am here, Sir Christmas",,English,15th century,holiday,
i_come_from_heuin_to_tell,I Come from Heuin to Tell (Vom Himmel hoch da komm ich her),Martin Luther,"S, A, T, B","Joseph Klug's Gesangsbuch (1535); Scots translation published in Ane Compendiovs Booke of Godly and Spiritvall Songs, collectit, &c. for avoyding of Sinne and Harlotrie (1567)",I come from Heaven high to tell,"Martin Luther; translated into Scots by James, John, and Robert Wedderburn","German, Scots",16th century,holiday,
i_sing_of_a_maiden,,,,,,,,,,
i_vo_bene,I・・ vo・・ bene,Gherardello da Firenze,"S, A, T, B",,"All those who wish me well, I wish them well",,Italian,14th century,,
ik_zeg_adieu,Ik zeg adieu,Jacobus Clemens non Papa,"SSA, SST, TTB",,I say adieu; we two must now be parted,,Flemish,16th century,,
il_sen_va_tard,Il s'en va tard,Clﾃｩment Janequin,"SAAB, SATB, STTB, AAAB, AATB, ATTB",? (1545),"It・・s late, the wind is strong, it・・s raining",,French,16th century,,
imo_to_are,Imo to are [・ｦｹ・・ｨ・・・],Anonymous,Heterophonic,"Sango-yﾅ・roku (ed. Fujiwara no Moronaga, c. 1171-1192); Jinchi-yﾅ・roku (ed. Fujiwara no Moronaga, c. 1171-1192)",With my little sister,,Japanese,12th century,saibara,edited by Fujiwara no Moronaga
in_natali_novi_regis,In natali novi Regis,Walter of Chﾃ｢tillon,"SS, SA, AA, TT, TB, BB",,On the birth of our new Savior,,Latin,12th century,"conductus, holiday",attributed
in_rama_sonat_gemitus,In Rama sonat gemitus,Anonymous,"S, A, T, B",Wolfenbﾃｼttel 677 (c1164),In Rama you can hear her cries,,Latin,12th century,,
in_taberna_quando_sumus,In taberna quando sumus,Anonymous,"S, A, T, B",Carmina Burana (11th-13th centuries),When we're in the tavern drinking,,Latin,11th-13th century,goliard song,
innsbruck_ich_muss_dich_lassen,"Innsbruck, ich muﾃ・ dich lassen",Heinrich Isaac,SATB,Ein auﾃ・bund schﾃｶner Teutscher Liedlein zu singen und auff allerley instrument zugebrauchen sonderling auﾃ・erlesen (1560),"Innsbruck, I have to leave you",,German,15th century,,
io_soffriro,,,,,,,,,,
ise_no_umi,Ise no umi [・ｼ・・・｢・・ｮ・ｵｷ],Anonymous,Heterophonic,"Sango-yﾅ・roku (ed. Fujiwara no Moronaga, c. 1171-1192); Jinchi-yﾅ・roku (ed. Fujiwara no Moronaga, c. 1171-1192)",The ocean at Ise,,Japanese,12th century,saibara,edited by Fujiwara no Moronaga
ja_nuns_hons_pris_ne_dira_sa_raison,Ja nuns hons pris ne dira sa raison,"Richard I the Lionheart, King of England","S, A, T, B",,A prisoner can't say what's on his mind,,French,12th century,troubadour/trouvﾃｨre song,
jaime_le_cueur,J'aime le cueur,Claudin de Sermisy,"SAT, SST",,I love her heart and will ever,,French,16th century,,
jamais_nul_temps_nom_pot_re_far_amors,Jamais nul temps no.m pot re far amors,Gaucelm Faidit,"S, A, T, B",Biblioteca Nazionale Ambrosiana R 71 sup (c. 1300-1320),"Never, no, never could Love create fear",,Occitan,13th century,,
jay_par_trop_longuement_ayme,J'ay par trop longuement ayme,Claudin de Sermisy,SST,,Too long this love has enflamed me,,French,16th century,,
jayme_bien,,,,,,,,,,
je_nay_point_plus_daffection,Je n'ay point plus d'affection,Claudin de Sermisy,"SATB, STTB, AATB, ATTB",Dixhuytiesme livre contenant xxviij chansons nouvelles (1545),Of love I have no less or more,,French,16th century,,
je_ne_menge_point_de_porc,Je ne menge point de porc,Claudin de Sermisy,"SAAB, SATB, AAAB, AATB",,I do not eat pork at all,,French,16th century,,
je_ne_puis_vivre_ainsy,Je ne puis vivre ainsy,Antoine Busnois,SST,,I can no longer live this way,,French,15th century,,
jouissance,,,,,,,,,,
katerine_collaudemus,Katerine collaudemus,Anonymous,"S, A, T, B",Carmina Burana (11th-13th centuries),Catherine: O let us praise her,,Latin,11th-13th century,"goliard song, holiday",
katsuragi,Katsuragi [・・・・・・],Anonymous,Heterophonic,"Sango-yﾅ・roku (ed. Fujiwara no Moronaga, c. 1171-1192); Jinchi-yﾅ・roku (ed. Fujiwara no Moronaga, c. 1171-1192)",Before the Temple of Katsuragi they are found,,Japanese,12th century,saibara,edited by Fujiwara no Moronaga
kawaguchi,Kawaguchi [・ｲｳ・・｣],Anonymous,Heterophonic,"Sango-yﾅ・roku (ed. Fujiwara no Moronaga, c. 1171-1192); Jinchi-yﾅ・roku (ed. Fujiwara no Moronaga, c. 1171-1192)",At Kawaguchi,,Japanese,12th century,saibara,edited by Fujiwara no Moronaga
koromogae,Koromogae [・・ｴ・｡｣],Anonymous,Heterophonic,"Sango-yﾅ・roku (ed. Fujiwara no Moronaga, c. 1171-1192); Jinchi-yﾅ・roku (ed. Fujiwara no Moronaga, c. 1171-1192)",Let us exchange the clothes we wear,,Japanese,12th century,saibara,edited by Fujiwara no Moronaga
la_bionda_trecca,La bionda treﾃｧﾃｧa,Francesco Landini,"SA, AT",,"Her flaxen tresses, long and lovely gold hair",,Italian,14th century,,
la_la_la,,,,,,,,,,
la_que_tengo_no_es_prision,La que tengo no es prision,Francisco de la Torre,"STT, STB",Cancionero de Palacio (late 15th century),Prison is not where I am barred,Conde de Cifuentes,Spanish,15th century,,
la_serena,La Serena,Anonymous,"S, A, T, B",,If the sea were made of milk,,Spanish,,traditional,
la_vida_de_culin,La vida de Culin,Anonymous,"SAAT, SAAB, SATT, SATB, STTT, STTB, AAAT, AATT, AATB, ATTT, ATTB",Cancionero Musical de Montecassino (1480s),The life of poor Culin,,Italian,15th century,frottola,
lanquan_li_jorn_son_lonc_en_mai,Lanquan li jorn son lonc en mai,Jaufre Rudel,"S, A, T, B","St. Germaine des Prﾃｩs: 13th century (c.1240-1250); France (North), Lorraine -- Bibliothﾃｨque Nationale fonds fr. 20050","In May, long daylight warms the air",,Occitan,12th century,troubadour/trouvﾃｨre song,
las_je_scay_bien,"Las, je sﾃｧay bien",Jacques Arcadelt,"SATB, SABB, STTB, STBB, AATB, AABB, ATTB, ATBB","La fleur de poﾃｩsie franﾃｧoyse; recueil joyeulx contenant plusiers huictains, dixains, quatrains, chansons et aultres dictez de diverses matieres, etc. (1542-1543)","How truly grave my sin was, I am now sure",,French,16th century,,
laudemus_virginem,Laudemus virginem,Anonymous,"S, A, T, B",Llibre Vermell de Montserrat (late 14th century),"Praise the Queen Virgin, our Holy One",,Latin,14th century,,
lautrier_avint_en_cel_autre_pais,L'autrier avint en cel autre pﾃ､is,Conon de Bﾃｩthune,"S, A, T, B",,The other day it happened far away,,Occitan,12th-13th century,troubadour/trouvﾃｨre song,
le_content_est_riche,Le content est riche,Tylman Susato,"SATTB, STTTB, AATTB, ATTTB",? (1543),A happy person・・s life is wealthy,,French,16th century,,
lhomme_arme,L'homme armﾃｩ,Anonymous,"S, A, T, B",,"Oh, the Man, the Man-at-arms [*Traditional Lyrics* - not by CAPL]",,French,15th century,,
li_jalous_par_tout_sunt_fustat_tuit_cil_qui_sunt_enamourat_veritatem,Li jalous par tout sunt fustat - Tuit cil qui sunt enamourat - Veritatem,Anonymous,"AAT, AAB, ATT, ATB, TTT, TTB",Montpellier Codex (late 13th century),The jealous should be trounced and banned - All those in love throughout the land - Truth and mercy,,"French, Latin",13th century,,
loibere_risen,Loibere risen,Wizlﾃ｢w III von Rﾃｼgen,"S, A, T, B",,Shriveling leaves fall to the ground from dried-out trees,,German,13th century,Minnesang,
los_reyes_siguen_la_estrella,Los reyes siguen la estrella,Francisco Guerrero,SATB,,"The Kings, they follow the Star's light",,Spanish,16th century,holiday,
ma_fin_est_mon_commencement,Ma fin est mon commencement,Guillaume de Machaut,"SSA, SST, TTT, TTB",,My end is my beginning part,,French,14th century,,
magnum_nomen_domini,,,,,,,,,,
mal_s_a_end_achar,Mal s' ﾃ｡ end' achar,"Alfonso X el Sabio, King of Castile and Leﾃｳn","S, A, T, B",Cantigas de Santa Maria (1270-1290),Vengeance will befall anyone who tries to desecrate Mary,,Galician-Portuguese,13th century,cantiga,
maoz_tzur,,,,,,,,,,
mariem_matrem,Mariam matrem,Anonymous,"STT, STB, ATT, ATB",Llibre Vermell de Montserrat (late 14th century),"Maria, Virgin Mother pure",,Latin,14th century,,
martini_festum_celebremus,Martini festum celebremus,Orlando di Lasso,"SAATB, SATTB, STTTB, AAATB, AATTB, ATTTB","Patronicium musices. Orlandi di Lasso, Illustr. Ducis Bavariae, Chori Magistri, Cantionum, quas mutetas vocant, opus novum. Prima Pars (1573)","The feast of Martin now we honor, constantly praising",,Latin,16th century,holiday,
mayutojime,Mayutojime [・・・・・・・ｪ・･ｳ],Anonymous,Heterophonic,"Sango-yﾅ・roku (ed. Fujiwara no Moronaga, c. 1171-1192); Jinchi-yﾅ・roku (ed. Fujiwara no Moronaga, c. 1171-1192)",Take instead the feed for livestock,,Japanese,12th century,saibara,edited by Fujiwara no Moronaga
meu_naranjedo,Meu naranjedo,Anonymous,"SSAB, SSTB, SAAB, SATB, AAAB, AATB",Cancionero de Palacio (late 15th century),My oranges have not yet ripened,,Spanish,15th century,,
mignonne_allons_voir_si_la_rose,"Mignonne, allons voir si la rose",Jehan Chardavoine,"S, A, T, B",Le recueil des plus belles et excellentes chansons en forme de voix de ville (1575),"Sweetheart, let's see the rose together",Pierre de Ronsard,French,16th century,,
mille_regretz,Mille regretz,Josquin des Prez,"SATB, SABB, STTB, STBB, AATB, AABB, ATTB, ATBB",? (1549),I still regret a thousand times my flight,,French,16th century,,
mimasaka,Mimasaka [・ｾ・・ｽ・],Anonymous,Heterophonic,"Sango-yﾅ・roku (ed. Fujiwara no Moronaga, c. 1171-1192); Jinchi-yﾅ・roku (ed. Fujiwara no Moronaga, c. 1171-1192)",Mimasaka and Kume through,,Japanese,12th century,saibara,edited by Fujiwara no Moronaga
minoyama,Minoyama [・ｾ・・ｿ・・ｱｱ],Anonymous,Heterophonic,"Sango-yﾅ・roku (ed. Fujiwara no Moronaga, c. 1171-1192); Jinchi-yﾅ・roku (ed. Fujiwara no Moronaga, c. 1171-1192)",In Mino's mountains,,Japanese,12th century,saibara,edited by Fujiwara no Moronaga
miri_it_is,Miri it is,Anonymous,"S, A, T, B",,Merry it is while summer lasts,,English,13th century,holiday,
moto_shigeki,Moto shigeki [・・ｬ・ｻ・・・・],Anonymous,Heterophonic,"Sango-yﾅ・roku (ed. Fujiwara no Moronaga, c. 1171-1192); Jinchi-yﾅ・roku (ed. Fujiwara no Moronaga, c. 1171-1192)",Our true provision,,Japanese,12th century,saibara,edited by Fujiwara no Moronaga
muito_bon_miragr_a_virgen,Muito bon miragr・・ a Virgen,"Alfonso X el Sabio, King of Castile and Leﾃｳn","S, A, T, B",Cantigas de Santa Maria (1270-1290),"Mighty is the Virgin, Who makes lovely miracles to show it",,Galician-Portuguese,13th century,cantiga,
muito_foi_noss_amigo,Muito foi nﾃｳss' amigo,"Alfonso X el Sabio, King of Castile and Leﾃｳn","S, A, T, B",Cantigas de Santa Maria (1270-1290),He was our friend sincerely,,Galician-Portuguese,13th century,cantiga,
mumegae,Mumegae [・｢・・・・・・・],Anonymous,Heterophonic,"Sango-yﾅ・roku (ed. Fujiwara no Moronaga, c. 1171-1192); Jinchi-yﾅ・roku (ed. Fujiwara no Moronaga, c. 1171-1192)",To the plum tree's arms,,Japanese,12th century,saibara,edited by Fujiwara no Moronaga
mushiroda,Mushiroda [・ｸｭ・・ｰ],Anonymous,Heterophonic,"Sango-yﾅ・roku (ed. Fujiwara no Moronaga, c. 1171-1192); Jinchi-yﾅ・roku (ed. Fujiwara no Moronaga, c. 1171-1192)",Down in Mushiroda,,Japanese,12th century,saibara,edited by Fujiwara no Moronaga
my_lady_went_to_caunterbury,My Lady went to Caunterbury,Richard Kele,"SAAAB, SAATB, SATTB, STTTB, AAAAB, AAATB, AATTB, ATTTB",Christmas carolles newely Inprynted (c. 1550),My heart of gold as true as steel,,English,16th century,holiday,attributed; edited by Richard Kele
natsubiki,Natsubiki [・､・・ｼ・],Anonymous,Heterophonic,"Sango-yﾅ・roku (ed. Fujiwara no Moronaga, c. 1171-1192); Jinchi-yﾅ・roku (ed. Fujiwara no Moronaga, c. 1171-1192)",Summer pulling thread,,Japanese,12th century,saibara,edited by Fujiwara no Moronaga
no_debo_dar_culpa,No debo dar culpa,Pedro de Escobar,"SAB, STB, AAB, ATB",Cancionero de Palacio (late 15th century),I don't blame or criticize you,,Spanish,15th century,,
no_me_digais_mal,No me digﾃ｡is mal,Alonso Perez de Alba,"SAB, STB, AAB, ATB",Cancionero de Palacio (late 15th century),"Mama, don't say such things",,Spanish,15th century,,
no_puedo_apartarme,No puedo apartarme,Anonymous,"SSAB, SSTB, SSBB, SAAB, SATB, SABB, STTB, STBB, AAAB, AATB, AABB, ATTB, ATBB",Cancionero de Palacio (late 15th century),I cannot deny them,,Spanish,15th century,,
noel_nouvelet,,,,,,,,,,
nom_agradiverns_ni_pascors,No.m agrad'iverns ni pascors,Raimbaut de Vaqeiras,"S, A, T, B",Bibliothﾃｨque nationale fonds fr. 22543 (c. 1300),Spring and winter both I detest,,Occitan,12th century,troubadour/trouvﾃｨre song,
non_es_meraville_seu_chant,Non es meravilla s'eu chan,Bernart de Ventadorn,"S, A, T, B",Bibliothﾃｨque nationale fonds fr. 844: Manuscrit du Roi (1253 or later; likely 1260s-70s); Biblioteca Nazionale Ambrosiana R 71 sup (c. 1300-1320),No wonder that I sing my lays,,Occitan,12th century,troubadour/trouvﾃｨre song,
non_moriar_sed_vivam,Non moriar sed vivam,Martin Luther,"SATB, STTB, AATB, ATTB",,I shall not die but live on,Psalm 117:17,Latin,16th century,,
non_sofre_santa_maria,Non sofre Santa Marﾃｭa,"Alfonso X el Sabio, King of Castile and Leﾃｳn","S, A, T, B",Cantigas de Santa Maria (1270-1290),"Mary won't allow believers, if Her pilgrimage they choose",,Galician-Portuguese,13th century,cantiga,
nous_voyons_que_les_hommes,Nous voyons que les hommes,Jacques Arcadelt,"SSA, SST, SAA, SAT",Tiers livre de chansons nouvellement (1567),We see that men get silly,,French,16th century,,
nova_nova_ave_fit_ex_eva,,,,,,,,,,
now_wolde_y_fayne,Now wolde y fayne,Anonymous,"SA, TT",,Now would I fain some mirth to make,,English,15th century,,
nowel_owt_of_your_slepe_aryse,Nowel: Owt of your slepe aryse,Anonymous,"SSS, SSA, SAA, AAA, TTT, TTB, TBB, BBB",Selden Carol Book (15th century),Out of your sleep arise and wake,,English,15th century,holiay,
nulhs_hom_en_re_no_falh,Nulhs hom en re no falh,Aimeric de Belenoi,"S, A, T, B","Bibliothﾃｨque nationale fonds fr. 22543, ""Chansonnier La Valliﾃｨre"" (13th/14th century; c. 1300)",You never miss success,,French,13th century,troubadour/trouvﾃｨre song,also attributed to Raimbaut de Vaqueiras
o_come_gran_martire_o_mio_soave_ardore,O com・・ﾃｨ gran martire/O mio soave ardore,Carlo Gesualdo,"SATTB, AATTB",? (1594),"Oh, what a noble martyr/O my most gentle pleasure",Giovanni Battista Guarini,Italian,16th century,,
o_souverain_pasteur_et_maistre,O souverain Pasteur et Maistre,Jacobus Clemens non Papa,"SAAT, SAAB, SATT, SATB",Genevan Psalter (1543),O Shepherd Sovereign and Master,Clﾃｩment Marot,French,16th century,,
o_varium_fortune_lubricum,O varium fortune lubricum,Anonymous,"S, A, T, B",Carmina Burana (11th-13th centuries),"O changeable, O Fortune flexible",,Latin,11th-13th century,goliard song,
o_virtus_sapientiae,O virtus Sapientiae,Hildegard von Bingen,"S, A, T, B",,O strength of Wisdom Beyond Time,,Latin,12th century,,
oi_nezumi,Oi nezumi [・・・ｼ],Anonymous,Heterophonic,"Sango-yﾅ・roku (ed. Fujiwara no Moronaga, c. 1171-1192); Jinchi-yﾅ・roku (ed. Fujiwara no Moronaga, c. 1171-1192)",The Western Temple's older mice and rats,,Japanese,12th century,saibara,edited by Fujiwara no Moronaga
oime_el_cuor,Oimﾃｨ el cuor,Marchetto Cara,ATB,,"Alas, my heart, alas my reason",,Italian,16th century,,
oji,ﾅ・ji [・､ｧ・ｷｯ],Anonymous,Heterophonic,"Sango-yﾅ・roku (ed. Fujiwara no Moronaga, c. 1171-1192); Jinchi-yﾅ・roku (ed. Fujiwara no Moronaga, c. 1171-1192)",Along the highway,,Japanese,12th century,saibara,edited by Fujiwara no Moronaga
okuyama,Okuyama [・･･・ｱｱ],Anonymous,Heterophonic,"Sango-yﾅ・roku (ed. Fujiwara no Moronaga, c. 1171-1192); Jinchi-yﾅ・roku (ed. Fujiwara no Moronaga, c. 1171-1192)",In the mountain glens,,Japanese,12th century,saibara,edited by Fujiwara no Moronaga
omnis_mundus_iucundetur,,,,,,,,,,
on_en_dira_ce_quon_vouldra,On en dira ce quon vouldra,Claudin de Sermisy,"SST, SAT",,Say what you want,,French,16th century,,
on_parole_a_paris_frese_nouvele,On parole - A Paris - Frﾃｨse nouvele,Anonymous,"SAT, SAB, STB, AAT, AAB, ATB",Montpellier Codex (late 13th century),Some folks talk of winnowing and threshing - Paris has at any time - Frﾃｨse nouvele,,French,13th century,,
orientis_partibus,Orientis partibus,Pierre de Corbeil,"S, A, T, B",,From the East the donkey came,,Latin,13th century,holiday,attributed
oy_comamos_y_bebamos,Oy comamos y bebamos,Juan del Encina,"SAAB, SATB",Cancionero de Palacio (late 15th century),For today we feast and revel,,Spanish,15th century,holiday,
palastinalied,Palﾃ､stinalied,Walther von der Vogelweide,"S, A, T, B",・・Mﾃｼnster Fragment (early 14th century),Only now my life has meaning,,German,12th-13th century,Minnesang,
pasame_por_dios_barquero,Pﾃ｡same por Dios barquero,Pedro de Escobar,"SSB, SAB, AAB",Cancionero de Palacio (late 15th century),"Pass me 'cross, for God's sake, boatman",,Spanish,15th century,,
pase_el_agoa,Pase el agoa,Anonymous,"SSAB, SSTB, SAAB, SATB, AAAB, AATB",Cancionero de Palacio (late 15th century),Cross deep oceans,,"French, Galician-Portuguese",15th century,,
paseisme_ahora,Pasﾃｩisme ahora,Pedro de Escobar,"SATB, STTB, AATB, ATTB",Cancionero de Palacio (late 15th century),Come to me now in highlands yonder,,Spanish,15th century,,
pax_in_nomine_domini,Pax! in nomine Domini,Marcabru,"S, A, T, B",Bibliothﾃｨque nationale fonds fr. 844: Manuscrit du Roi (1253 or later; likely 1260s-70s),Pax in nomine Domini,,"Latin, Occitan",12th century,troubadour/trouvﾃｨre song,
personent_hodie,Personent hodie,Anonymous,"S, A, T, B",Piae Cantiones Ecclesiasticﾃｦ et Scholasticae et Scholasticae Vetervm Episcoporum (1582),"On this day, all around",,Latin,14th century,holiday,
plaude_euge_theotocos,Plaude euge Theotocos,Petrus Wilhelmi Grudencz,"STB, SBB, ATB, ABB",,"Past Extolling, Theotokos",,Latin,15th century,acrostic,
por_nos_virgen_madre,"Por nﾃｳs, Virgen Madre","Alfonso X el Sabio, King of Castile and Leﾃｳn","S, A, T, B",Cantigas de Santa Maria (1270-1290),"Pray for us, O Mother",,Galician-Portuguese,13th century,cantiga,
porque_ben_santa_maria,Porque ben Santa Maria,"Alfonso X el Sabio, King of Castile and Leﾃｳn","S, A, T, B",Cantigas de Santa Maria (1270-1290),"Since the Holy Virgin Mary Gives Her gifts, astute and wise",,Galician-Portuguese,13th century,cantiga,
porque_trobar_e_cousa_en_que_jaz,Porque trobar ﾃｩ cousa en que jaz,"Alfonso X el Sabio, King of Castile and Leﾃｳn","S, A, T, B",Cantigas de Santa Maria (1270-1290),Because composing songs is such an art,,Galician-Portuguese,13th century,cantiga,
pos_sabers_nom_val_ni_sens,Pos sabers no.m val ni sens,Guiraut Riquier,"S, A, T, B",Chansonnier La Valliﾃｨre: 13th/14th century (c.1300); Languedoc -- Bibliothﾃｨque Nationale fonds fr. 22543,Learning is no help to me,,Occitan,13th century,troubadour/trouvﾃｨre song,
pos_tals_sabers_mi_sors_em_creis,Pos tals sabers mi sors e.m creis,Raimbaut d'Aurenga,"S, A, T, B",Bibliothﾃｨque Nationale fonds fr. 20050 (c. 1240-1250),Since such a skill springs and grows in me,,Occitan,12th century,troubadour/trouvﾃｨre song,
pose_un_gran_foco_nel_mio_petto_amore,Pose un gran foco nel mio petto amore,Giovanni Pierluigi da Palestrina,"SATB, AATB",,A fire was set by Love inside my being,,Italian,16th century,,
post_partum_virgo_ave_regina_veritatem,Post partum virgo - Ave regina - Veritatem,Anonymous,"SSS, SSA, TTT, TTB",Montpellier Codex (late 13th century),"A birth, but virgin remaining - Hail, Queen of Glory; hail, we say - Truth and mercy",,Latin,13th century,,
pour_souhaitter,Pour souhaitter,Josquin des Prez,"AATTBB, AATBBB, ATTTBB, ATTBBB",? (1545),In all my life I wish for nothing more,,French,16th century,,
prendes_i_garde,Prendﾃｩs i garde,Guillaume d・・Amiens,"S, A, T, B",,If they look freely,,French,13th century,troubadour/trouvﾃｨre song,
procurans_odium,Procurans odium,Anonymous,"SSS, SSA, SAA, AAA, TTT, TTB, TBB, BBB",Carmina Burana (11th-13th centuries),Those souls who hatred pour,,Latin,11th-13th century,goliard song,
psallat_scholarum_concio,Psallat scholarum concio,Anonymous,"S, A, T, B",Piae Cantiones Ecclesiasticﾃｦ et Scholasticae et Scholasticae Vetervm Episcoporum (1582),Sing we scholars collectively,,Latin,16th century,holiday,
psallite_unigenito,"Psallite, unigenito",Michael Praetorius,"SATB, STTB",Musae Sioniae (1609),Sing with praise! Make your voices one,,Latin,17th century,holiday,
pucelete_je_languis_domino,Pucelete - Je languis - Domino,Anonymous,SSB,Montpellier Codex (late 13th century),"Pretty maiden, beautiful and fair - Languishing from pains of love - Domino",,"French, Latin",13th century,,
puer_nobis_nascitur,,,,,,,,,,
quam_pulchra_es,Quam pulchra es,John Dunstable,"ATB, ABB",,How beautiful you are and graceful,,Latin,15th century,,
quan_vei_lalauzeta_mover,Quan vei l'alauzeta mover,Bernart de Ventadorn,"S, A, T, B",Bibliothﾃｨque nationale fonds fr. 22543 (c. 1300),I see the lark with joy enthralled,,Occitan,12th century,troubadour/trouvﾃｨre song,
quand_je_bois_du_vin_clairet_tourdion_la_magdalena,"Quand je bois du vin clairet (Tourdion ""La Magdalena"")",Pierre Attaignant,SATB,Neuf basses dances deux branles vingt et cinq pauennes auec quinze Gaillardes en musique a quatre parties le tout nouuellem・ｺｽt (1530),"When I'm drunk on claret wine - Wine will make us merry - Drink, my friends",,French,16th century,,attributed
quen_a_omagen_da_virgen,Quen a omagen da Virgen,"Alfonso X el Sabio, King of Castile and Leﾃｳn","S, A, T, B",Cantigas de Santa Maria (1270-1290),When the blessing of the Virgin or her noble Son we see,,Galician-Portuguese,13th century,cantiga,
quen_na_virgen_groriosa,Quen na Virgen grorﾃｯosa,"Alfonso X el Sabio, King of Castile and Leﾃｳn","S, A, T, B",Cantigas de Santa Maria (1270-1290),"Place your hope upon the Virgin, Her whose Glory angels tell",,Galician-Portuguese,13th century,cantiga,
quen_quer_que_na_virgen_fia,Quen quﾃｩr que na Virgen fﾃｭa,"Alfonso X el Sabio, King of Castile and Leﾃｳn","S, A, T, B",Cantigas de Santa Maria (1270-1290),Those who trust in the Virgin and ask her for her help will be helped,,Galician-Portuguese,13th century,cantiga,
quen_santa_maria_quiser_defender,Quen Santa Marﾃｭa quisﾃｩr defender,"Alfonso X el Sabio, King of Castile and Leﾃｳn","S, A, T, B",Cantigas de Santa Maria (1270-1290),If Holy Saint Mary keeps watch over you,,Galician-Portuguese,13th century,cantiga,
quena_virgen_ben_servira,Quena Virgen ben servira,"Alfonso X el Sabio, King of Castile and Leﾃｳn","S, A, T, B",Cantigas de Santa Maria (1270-1290),To the Virgin devotion show: To Paradise you will go,,Galician-Portuguese,13th century,cantiga,
questa_fanciullamor,Questa fanciull'amor,Francesco Landini,"SAA, SAT, TBB",,"Love, make her kind to me",,Italian,14th century,,
qui_dort_icy,Qui dort icy?,Orlando di Lasso,SATB,"Le premier livre de chansons, auquel sont 27 chansons nouvelles (1564)",Who・・s sleeping here? Don・・t ask about that bed!,,French,16th century,,
qwat_tydyngis_bryngyst_thou_massager,Qwat tydyngis bryngyst thou massager,John Dunstable,"AT, AB",MS. Douce 302 (15th century); Selden MS. B.26 f.15v (15th century),A babe is born so high and pure,John Audelay,English,15th century,holiday,
rei_glorios_ueray_lums_e_clartatz,"Reis glorios, verais lums e clartatz",Giraut de Bornelh,"S, A, T, B",Chansonnier La Valliﾃｨre: 13th/14th century (c.1300); Languedoc -- Bibliothﾃｨque Nationale fonds fr. 22543,"Glorious King, Lord of radiant light",,Occitan,12th century,troubadour/trouvﾃｨre song,
resonet_in_laudibus,Resonet in laudibus,Anonymous,"S, A, T, B",Piae Cantiones Ecclesiasticﾃｦ et Scholasticae et Scholasticae Vetervm Episcoporum (1582),All the world with praises rings,,Latin,14th century,holiday,
resvelons_nous,Resvelons nous,Guillaume Du Fay,"AAT, AAB, ATT, ATB",,"Revel we now, revel each loving boy",,French,15th century,,
robins_maime,Robins m'aime,Adam de la Halle,"S, A, T, B",Le Jeu de Robin et de Marion (c. 1282-1283),Robin loves me,,French,13th century,rondeau,
sainte_nicholaes_godes_druth,Sainte Nicholaes godes druﾃｰ,Godric of Finchale,"S, A, T, B",Royal 5 F VII (late 12th century),"O, Saint Nicholas, God・・s friend so close",,English,12th century,holiday,
salve_regina,"Salve, Regina",Hermann Contractus,"S, A, T, B",,"Welcome, our Empress",,Latin,11th century,holiday,attributed
santa_maria_loei,Santa Marﾃｭa loei,"Alfonso X el Sabio, King of Castile and Leﾃｳn","S, A, T, B",Cantigas de Santa Maria (1270-1290),"Holy Queen Mary I praise, have praised, and will ever praise",,Galician-Portuguese,13th century,cantiga,
santa_maria_strela_do_dia,"Santa Marﾃｭa, Strela do dﾃｭa","Alfonso X el Sabio, King of Castile and Leﾃｳn","S, A, T, B",Cantigas de Santa Maria (1270-1290),"Oh, Holy Mary, the Daystar fair",,Galician-Portuguese,13th century,cantiga,
savis_e_fols_humils_et_orgoillos,"Savis e fols, humils et orgoillos",Raimbaut de Vaqeiras,"S, A, T, B",Bibliothﾃｨque nationale fonds fr. 22543 (c. 1300),"I・・m wise and dull, I・・m humble and I・・m proud",,Occitan,12th century,troubadour/trouvﾃｨre song,
se_la_face_ay_pale,Se la face ay pale,Guillaume Du Fay,"SAT, ATB",,If my cheeks are ashen,,French,15th century,,
segli_e_vero,S'egli ﾃｨ vero,Orazio Vecchi,SSB,,"If it's true, Hymenaios",,Italian,16th century,,
seigneurs_sachiez_qui_or_ne_sen_ira,"Seigneurs, sachiez qui or ne s'en ira","Thibaut IV de Champagne, King of Navarre","S, A, T, B",,"My lords, be warned: if you refuse to go",,French,13th century,troubadour/trouvﾃｨre song,
sempre_mi_ride_sta,Sempre mi ride sta,Adrian Willaert,"SSAT, SSAB, SSTT, SSTB, SAAT, SAAB, SATB, STTT, STTB, AAAT, AAAB, AATT, AATB, ATTT, ATTB",? (1545),"Always this lady laughs, laughs at me always",,Italian,16th century,madrigal,
si_le_secours,Si le secours,Nicolas Gombert,"SATT, SATB",? (1544),"If my relief, the rescue I await",,French,16th century,,
si_par_trop_boire,Si par trop boire,Jacobus Clemens non Papa,SAATB,Le XIIiﾃｨme Livre de Chansons (1550),If in the morning when you wake,,French,16th century,,
sic_mea_fata,Sic mea fata,Anonymous,"S, A, T, B",Carmina Burana (11th-13th centuries),"I sing for comfort, my fate allaying",,Latin,11th-13th century,goliard song,
sicut_cervus,Sicut cervus,Giovanni Pierluigi da Palestrina,"SATB, SABB, STTB, STBB, AATB, AABB, ATTB, ATBB","Motectorum liber secundus, 4vv (1584)",As the deer thirsts and pants for flowing fountains of water,Psalm 42,Latin,16th century,,
sol_sol_gi_gi_a_b_c,Sol sol gi gi A B C,Anonymous,"STB, ATB",Cancionero de Palacio (late 15th century),Sol sol gee gee A B C,,Spanish,15th century,,
son_me_regarde_prennes_i_garde_he_mi_enfant,"S'on me regarde - Prennﾃｩs i garde - Hﾃｩ, mi enfant",Anonymous,"AAT, AAB, ATT, ATB, TTT, TTB",Montpellier Codex (late 13th century),"If he is staring - Look at him, sharing - Hey, hey, my child",,French,13th century,,
splendens_ceptigera,Splendens ceptigera,Anonymous,"S, A, T, B",Llibre Vermell de Montserrat (late 14th century),"Shining Queen, Sovereign One",,Latin,14th century,,
stella_splendens,Stella splendens,Anonymous,ST,Llibre Vermell de Montserrat (late 14th century),"Splendid star of the mountain, with miracles that fall",,Latin,14th century,,
sumer_is_icumen_in,Sumer is icumen in/Perspice Christicola,Anonymous,"S, A, T, B",Harley 978 (folio 11v),"Summertime is coming in/See, good Christian, see the sign",,"English, Latin",13th century,,
takasago,Takasago [・ｫ・・・],Anonymous,Heterophonic,"Sango-yﾅ・roku (ed. Fujiwara no Moronaga, c. 1171-1192); Jinchi-yﾅ・roku (ed. Fujiwara no Moronaga, c. 1171-1192)","High are the sands, high",,Japanese,12th century,saibara,edited by Fujiwara no Moronaga
takayama,Takayama [・ｷｹ・ｱｱ],Anonymous,Heterophonic,"Sango-yﾅ・roku (ed. Fujiwara no Moronaga, c. 1171-1192); Jinchi-yﾅ・roku (ed. Fujiwara no Moronaga, c. 1171-1192)",Upon Hawk Mountain,,Japanese,12th century,saibara,edited by Fujiwara no Moronaga
tanaka_no_ido,Tanaka no ido [・・ｰ・ｸｭ・・ｮ・ｺ・・・ｸ],Anonymous,Heterophonic,"Sango-yﾅ・roku (ed. Fujiwara no Moronaga, c. 1171-1192); Jinchi-yﾅ・roku (ed. Fujiwara no Moronaga, c. 1171-1192)",At the well of Tanaka,,Japanese,12th century,saibara,edited by Fujiwara no Moronaga
tant_que_vivray,Tant que vivray,Claudin de Sermisy,SATB,,While I am young and flourish in my prime,Clﾃｩment Marot,French,16th century,,
teresica_hermana,Teresica hermana,Matheo Flecha el Viejo,"SATB, STTB, AATB, ATTB",Cancionero de Upsala (1556),Sister Teresica,,Spanish,16th century,,
the_borys_hede_that_we_bryng_here,The borys hede that we bryng here,Richard Smert,"SA, ST, AA, AT","Ritson Manuscript (British Library, MS. Addit. 5665) (late 15th/early 16th century)",The boar's head that we bring here,,"English, Latin",15th century,holiday,
ther_is_no_rose_of_swych_vertu,Ther is no rose of swych vertu,Anonymous,SAT,Trinity Carol Roll (15th century),There is no rose of such virtue,,"English, Latin",15th century,holiday,
this_rose_is_railed_on_a_ryse,This Rose is railed on a ryse,Anonymous,"S, A, T, B",Selden Manuscript (c. 1450),Of a rose we sing today,,English,15th century,holiday,
thys_endrys_nyght_i_see_a_syght,Thys endrys nyﾈ・t I see a syght,Anonymous,"S, A, T, B",National Library of Scotland MS. Advocates 19. 3. 1. (c. 1475),This yester-night I saw a sight,,English,15th century,holiday,
tmeiskin_was_jonck,Tmeiskin was jonck,Heinrich Isaac,"STTB, ATTB",,She was quite young,,Dutch,15th-16th century,,
to_the_now_crystys_der_derlyng,"To the now, Crystys der derlyng",Anonymous,"SS, SA, TT, TB",Bodleian Library MS. Eng. Poet. e. 1. (c. 1471-1485),"To you now, Christ・・s dear darling one",,English,15th century,holiday,
todos_los_bienes_del_mundo,Todos los bienes del mundo,Juan del Encina,"SSTB, SATB, AATB",Cancionero de Palacio (late 15th century),Everything here in Creation,,Spanish,15th century,,
toller_pod_a_madre_de_nostro_sennor,Toller pﾃｳd' a Madre de Nﾃｳstro Sennor,"Alfonso X el Sabio, King of Castile and Leﾃｳn","S, A, T, B",Cantigas de Santa Maria (1270-1290),Mother of our Savior and Lord who inspires,,Galician-Portuguese,13th century,cantiga,
tosto_che_lalba,Tosto che l・・alba,Gherardello da Firenze,"SST, SSB",,Just as the new and splendid morning is dawning,,Italian,14th century,,
toutes_les_nuitz,Toutes les nuitz,Orlando di Lasso,"SSAAB, SSATB, SSTTB, SAAAB, SAATB, SATTB",Terzo libro di madrigali a 5 voci (1563),All of the nights that I lie down without you,Clﾃｩment Marot,French,16th century,,
tres_morillas_menamoran,Tres morillas m'enamoran,Anonymous,SAT,Cancionero de Palacio (late 15th century),Three young Moorish girls I fell for in Jaﾃｩn,,Spanish,15th century,,
tu_as_tout_seul_jean_jean,"Tu as tout seul, Jean, Jean",Clﾃｩment Janequin,SATB,? (1547),"You have them all, Jean, Jean, the vines and plains",Clﾃｩment Marot,French,16th century,,
ubi_caritas,Ubi caritas,Anonymous,"S, A, T, B",,"Where both charity and love are, God is present, too",,Latin,10th century,,
under_der_linden,Under der linden,Walther von der Vogelweide,"S, A, T, B",,Under the linden in the wildlands,,German,12th-13th century,Minnesang,
unicornis_captivatur,Unicornis captivatur,Anonymous,"SS, SA, AA, TT, TB, BB",Engleberg Codex (14th・・15th centuries),Now the Unicorn is captured,,Latin,14th-15th century,,
unter_alln_auf_dieser_erden,Unter all'n auf dieser Erden,Hans Leo Hassler,"SSATB, SAATB",,In the world・・s far ends to ends near,,German,16th century,,
ut_queant_laxis,Ut queant laxis,Guido of Arezzo,"S, A, T, B",Epistola (before 1033),"Uttering praises, raising songs of your feats",attr. Paulus Diaconus,Latin,11th century,,unsure whether Guido is original composer
vas_vos_soplei_domna_primeiramen,"Vas vos soplei, domna, primeiramen",Raimon Jordan,"S, A, T, B",Bibliothﾃｨque nationale fonds fr. 844: Manuscrit du Roi (1253 or later; likely 1260s-70s),"For now and always, I bow down to you",,Occitan,12th century,troubadour/trouvﾃｨre song,
veinticinco_de_diciembre,,,,,,,,,,
verbum_caro_factum_est_y_la_virgin_le_dezia,Verbum caro factum est: Y la Virgin le dezia,Anonymous,"STTB, STBB, ATTB, ATBB",Cancionero de Upsala (1556),Now the Word has been made flesh,,"Latin, Spanish",16th century,holiday,
verbum_patris_umanatur,Verbum Patris umanatur,Walter of Chﾃ｢tillon,"SAT, SAB, STT, STB, AAT, AAB, ATT, ATB, TTT, TTB",Cambridge University Manuscript (13th century),"Now the Word in flesh is seated, O! O!",,Latin,12th century,"conductus, holiday",attributed
veris_ad_imperia,Veris ad imperia,Anonymous,"SSS, SSA, SAA, AAA, TTT, TTB, TBB, BBB",Florence Manuscript p29.1,By the power of the Spring,,Latin,13th century,,
veris_dulcis_in_tempore,Veris dulcis in tempore,Anonymous,"S, A, T, B",Carmina Burana (11th-13th centuries),"Spring is sweet, and green is growing",,Latin,11th-13th century,goliard song,
viejo_malo_en_la_mi_cama,Viejo malo en la mi cama,Sedano,"SATB, SABB, STTB, STBB, AATB, AABB, ATTB, ATBB",Cancionero de Palacio (late 15th century),Old and ugly in my blankets,,Spanish,15th century,,
virgo_mater_piissima,,,,,,,,,,
volez_vous_que_je_vous_chant,Volez vous que je vous chant,Anonymous,"S, A, T, B",,Would you like to hear me sing,,French,13th century,,
wa_ie,Wa ie [・・・・ｮｶ],Anonymous,Heterophonic,"Sango-yﾅ・roku (ed. Fujiwara no Moronaga, c. 1171-1192); Jinchi-yﾅ・roku (ed. Fujiwara no Moronaga, c. 1171-1192)",At our house now,,Japanese,12th century,saibara,edited by Fujiwara no Moronaga
waga_kado_ni,Waga kado ni [・・・・・・・・・・ｫ],Anonymous,Heterophonic,"Sango-yﾅ・roku (ed. Fujiwara no Moronaga, c. 1171-1192); Jinchi-yﾅ・roku (ed. Fujiwara no Moronaga, c. 1171-1192)","Here before our gate, oh",,Japanese,12th century,saibara,edited by Fujiwara no Moronaga
